{"name":"Header","type":"header","sections":{"header":{"type":"header","blocks":{"cb0b98c0-edf5-11ef-81b7-f1b79003962c":{"type":"shopify:\/\/apps\/wishlist-hero\/blocks\/header-icon\/a9a5079b-59e8-47cb-b659-ecf1c60b9b72","settings":{"customThemeName":"~","useCustomHeaderColor":false,"customHeaderColor":"","useCustomHeaderSize":false,"customHeaderIconSize":22,"additionalIconCssClassNames":"","additionalIconStyle":"","additionalContainerClasses":"","additionalContainerStyle":"","replaceExistingClasses":false}}},"block_order":["cb0b98c0-edf5-11ef-81b7-f1b79003962c"],"settings":{"color_scheme":"background-1","logo":"shopify:\/\/shop_images\/SkyWalltv_logo_2.png","logo_width":120,"logo_position":"middle-left","menu":"main-menu","show_line_separator":false,"enable_sticky_header":true,"margin_bottom":0}}},"order":["header"]}