{"sections":{"075d963e-1bb3-41b3-8610-4a16f848385e":{"type":"slideshow","blocks":{"d63e9c0b-4ee4-4608-9a25-54696bbec922":{"type":"slide","settings":{"image":"shopify:\/\/shop_images\/skywall-website-banner.jpg","heading":"","heading_size":"h2","subheading":"","button_label":"","link":"","button_style_secondary":false,"box_align":"bottom-right","show_text_box":false,"text_alignment":"right","image_overlay_opacity":0,"color_scheme":"accent-2","text_alignment_mobile":"right"}},"9d89c11a-517e-4763-8e96-67eb223b2bb6":{"type":"slide","settings":{"image":"shopify:\/\/shop_images\/SkyWall_80_cm_32_inches_Full_HD_Smart_Android_LED_TV_32SWRR_Pro_Frameless_Edition_Dolby_Audio.png","heading":"","heading_size":"h1","subheading":"","button_label":"","link":"","button_style_secondary":true,"box_align":"middle-center","show_text_box":false,"text_alignment":"center","image_overlay_opacity":0,"color_scheme":"background-1","text_alignment_mobile":"center"}},"81cbcad0-2754-4e8e-b230-81b739d95730":{"type":"slide","settings":{"image":"shopify:\/\/shop_images\/SkyWall_108_cm_43_inches_Full_HD_Smart_LED_TV_43SW-Voice_Frameless_Edition_With_Voice_Assistant.png","heading":"","heading_size":"h2","subheading":"","button_label":"","link":"","button_style_secondary":false,"box_align":"bottom-left","show_text_box":false,"text_alignment":"right","image_overlay_opacity":0,"color_scheme":"accent-2","text_alignment_mobile":"right"}},"f1bb1b72-4e84-44c6-b6f0-851c9c471d83":{"type":"slide","settings":{"image":"shopify:\/\/shop_images\/SkyWall_127_cm_50_inches_4K_Ultra_HD_Smart_Android_LED_TV_50SW-4K_With_Frameless_Edition.png","heading":"","heading_size":"h2","subheading":"","button_label":"","link":"https:\/\/bit.ly\/3hUFl1V","button_style_secondary":false,"box_align":"bottom-right","show_text_box":false,"text_alignment":"right","image_overlay_opacity":0,"color_scheme":"accent-2","text_alignment_mobile":"right"}},"43cc553c-0cc5-465e-8a7f-ccf1bddc32b4":{"type":"slide","settings":{"image":"shopify:\/\/shop_images\/skywall_website.jpg","heading":"","heading_size":"h2","subheading":"","button_label":"","link":"","button_style_secondary":false,"box_align":"bottom-right","show_text_box":false,"text_alignment":"right","image_overlay_opacity":0,"color_scheme":"accent-2","text_alignment_mobile":"right"}}},"block_order":["d63e9c0b-4ee4-4608-9a25-54696bbec922","9d89c11a-517e-4763-8e96-67eb223b2bb6","81cbcad0-2754-4e8e-b230-81b739d95730","f1bb1b72-4e84-44c6-b6f0-851c9c471d83","43cc553c-0cc5-465e-8a7f-ccf1bddc32b4"],"custom_css":["\/* Hide dots *\/.slick-dots,.slideshow__controls {display: none !important;}"," \/* Show arrows *\/.slick-prev,.slick-next {display: flex !important; position: absolute !important; top: 50%; transform: translateY(-50%); background: rgba(0, 0, 0, 0.3); border-radius: 50%; width: 40px; height: 40px; z-index: 99; align-items: center; justify-content: center;}",".slick-prev {left: 10px !important;}",".slick-next {right: 10px !important;}",".slick-prev:before,.slick-next:before {color: white !important; font-size: 20px !important;}"],"settings":{"layout":"full_bleed","slide_height":"adapt_image","slider_visual":"dots","auto_rotate":true,"change_slides_speed":5,"show_text_below":false,"accessibility_info":""}},"33bf0d5c-54fd-4380-83fe-c15c8e27f8bb":{"type":"collection-list","blocks":{"template--14689293697163__33bf0d5c-54fd-4380-83fe-c15c8e27f8bb-1686642792824a133d-0":{"type":"featured_collection","settings":{"collection":"hd-ready-tv"}},"template--14689293697163__33bf0d5c-54fd-4380-83fe-c15c8e27f8bb-1686642792824a133d-1":{"type":"featured_collection","settings":{"collection":"full-hd-tv"}},"template--14689293697163__33bf0d5c-54fd-4380-83fe-c15c8e27f8bb-1686642792824a133d-2":{"type":"featured_collection","settings":{"collection":"4k-ultra-hd-tv"}}},"block_order":["template--14689293697163__33bf0d5c-54fd-4380-83fe-c15c8e27f8bb-1686642792824a133d-0","template--14689293697163__33bf0d5c-54fd-4380-83fe-c15c8e27f8bb-1686642792824a133d-1","template--14689293697163__33bf0d5c-54fd-4380-83fe-c15c8e27f8bb-1686642792824a133d-2"],"custom_css":[".slider-buttons,.slider-counter {display: none !important;}"],"settings":{"title":"","heading_size":"h0","image_ratio":"adapt","columns_desktop":3,"color_scheme":"background-1","show_view_all":false,"columns_mobile":"2","swipe_on_mobile":true,"padding_top":0,"padding_bottom":0}},"image_banner_yLYGWV":{"type":"image-banner","settings":{"image":"shopify:\/\/shop_images\/iconssss...-01.png","image_overlay_opacity":0,"image_height":"small","adapt_height_first_image":true,"desktop_content_position":"middle-center","show_text_box":true,"desktop_content_alignment":"center","color_scheme":"background-1","mobile_content_alignment":"center","stack_images_on_mobile":true,"show_text_below":true}},"4ee500f3-a78a-4b21-867a-a11c0af292b3":{"type":"featured-collection","custom_css":[],"settings":{"title":"","heading_size":"h1","collection":"televisions","products_to_show":10,"columns_desktop":5,"color_scheme":"background-2","show_view_all":false,"image_ratio":"adapt","show_secondary_image":true,"show_vendor":false,"show_rating":false,"columns_mobile":"2","swipe_on_mobile":false,"padding_top":0,"padding_bottom":0}},"7d0746ff-7749-4bf4-8cac-b0084da9602e":{"type":"slideshow","blocks":{"45576738-74eb-43c4-b71d-734688cf1728":{"type":"slide","settings":{"image":"shopify:\/\/shop_images\/Android_TV.jpg","heading":"","heading_size":"h2","subheading":"","button_label":"","link":"","button_style_secondary":false,"box_align":"middle-center","show_text_box":false,"text_alignment":"center","image_overlay_opacity":0,"color_scheme":"background-1","text_alignment_mobile":"center"}},"template--14689293697163__7d0746ff-7749-4bf4-8cac-b0084da9602e-1665297010c3438e7e-1":{"type":"slide","settings":{"image":"shopify:\/\/shop_images\/skywall_web_layout_2.jpg","heading":"","heading_size":"h1","subheading":"","button_label":"","link":"","button_style_secondary":false,"box_align":"middle-right","show_text_box":false,"text_alignment":"right","image_overlay_opacity":0,"color_scheme":"background-1","text_alignment_mobile":"right"}},"template--14689293697163__7d0746ff-7749-4bf4-8cac-b0084da9602e-1665297010c3438e7e-0":{"type":"slide","settings":{"image":"shopify:\/\/shop_images\/skywall_web_layout.jpg","heading":"","heading_size":"h1","subheading":"","button_label":"","link":"","button_style_secondary":false,"box_align":"bottom-left","show_text_box":false,"text_alignment":"left","image_overlay_opacity":0,"color_scheme":"background-1","text_alignment_mobile":"left"}},"9418d50e-f675-425a-89da-37fc8b0db0dc":{"type":"slide","settings":{"image":"shopify:\/\/shop_images\/SKYWALL_WEBSITE_BANNER_MAIN_4.jpg","heading":"","heading_size":"h1","subheading":"","button_label":"","link":"","button_style_secondary":false,"box_align":"middle-left","show_text_box":false,"text_alignment":"left","image_overlay_opacity":0,"color_scheme":"background-1","text_alignment_mobile":"left"}},"e37dbd58-e04a-4dbc-a6ed-06e176fe7777":{"type":"slide","settings":{"image":"shopify:\/\/shop_images\/mlogic_Processor_4K-1.jpg","heading":"","heading_size":"h1","subheading":"","button_label":"","link":"","button_style_secondary":false,"box_align":"middle-center","show_text_box":false,"text_alignment":"center","image_overlay_opacity":0,"color_scheme":"background-1","text_alignment_mobile":"center"}}},"block_order":["45576738-74eb-43c4-b71d-734688cf1728","template--14689293697163__7d0746ff-7749-4bf4-8cac-b0084da9602e-1665297010c3438e7e-1","template--14689293697163__7d0746ff-7749-4bf4-8cac-b0084da9602e-1665297010c3438e7e-0","9418d50e-f675-425a-89da-37fc8b0db0dc","e37dbd58-e04a-4dbc-a6ed-06e176fe7777"],"custom_css":["\/* Hide dots *\/.slick-dots,.slideshow__controls {display: none !important;}"," \/* Show arrows *\/.slick-prev,.slick-next {display: flex !important; position: absolute !important; top: 50%; transform: translateY(-50%); background: rgba(0, 0, 0, 0.3); border-radius: 50%; width: 40px; height: 40px; z-index: 99; align-items: center; justify-content: center;}",".slick-prev {left: 10px !important;}",".slick-next {right: 10px !important;}",".slick-prev:before,.slick-next:before {color: white !important; font-size: 20px !important;}"],"settings":{"layout":"full_bleed","slide_height":"adapt_image","slider_visual":"dots","auto_rotate":true,"change_slides_speed":3,"show_text_below":false,"accessibility_info":"Slideshow about our brand"}},"rich_text_bjJJEd":{"type":"rich-text","blocks":{"heading_HUjf8F":{"type":"heading","settings":{"heading":"BEST SELLER","heading_size":"h1"}}},"block_order":["heading_HUjf8F"],"settings":{"color_scheme":"background-1","full_width":true,"padding_top":0,"padding_bottom":0}},"featured_collection_jRGAEp":{"type":"featured-collection","settings":{"title":"","heading_size":"h1","collection":"top-4-best-selling-products","products_to_show":4,"columns_desktop":4,"color_scheme":"background-2","show_view_all":false,"image_ratio":"adapt","show_secondary_image":true,"show_vendor":false,"show_rating":false,"columns_mobile":"2","swipe_on_mobile":false,"padding_top":0,"padding_bottom":0}},"6aca96b2-aca3-40bc-9f0c-bf4ef4a8a779":{"type":"multicolumn","blocks":{"template--14689293697163__6aca96b2-aca3-40bc-9f0c-bf4ef4a8a779-column-1":{"type":"column","settings":{"image":"shopify:\/\/shop_images\/Best_Price_Guaranteed_5b780865-ab6c-498a-930a-4f66d694bf3d.jpg","title":"","text":"","link_label":"","link":""}},"template--14689293697163__6aca96b2-aca3-40bc-9f0c-bf4ef4a8a779-column-2":{"type":"column","settings":{"image":"shopify:\/\/shop_images\/SkyWall_USP_Android_version_12.0.jpg","title":"","text":"","link_label":"","link":""}},"template--14689293697163__6aca96b2-aca3-40bc-9f0c-bf4ef4a8a779-column-3":{"type":"column","settings":{"image":"shopify:\/\/shop_images\/DOLBY_Sound_SkyWall_TV_1b6a017a-a52c-4639-8e79-971cc02a768b.jpg","title":"","text":"","link_label":"","link":""}},"4059a2b8-40b0-40a7-b3dd-94e4dac23b25":{"type":"column","settings":{"image":"shopify:\/\/shop_images\/Stylish_Design_SkyWall_TV_ea3faef5-5f51-48a8-9672-271abe84561e.jpg","title":"","text":"","link_label":"","link":""}}},"block_order":["template--14689293697163__6aca96b2-aca3-40bc-9f0c-bf4ef4a8a779-column-1","template--14689293697163__6aca96b2-aca3-40bc-9f0c-bf4ef4a8a779-column-2","template--14689293697163__6aca96b2-aca3-40bc-9f0c-bf4ef4a8a779-column-3","4059a2b8-40b0-40a7-b3dd-94e4dac23b25"],"settings":{"title":"","heading_size":"h2","image_width":"full","image_ratio":"square","columns_desktop":4,"column_alignment":"left","background_style":"primary","button_label":"","button_link":"","color_scheme":"background-1","columns_mobile":"2","swipe_on_mobile":false,"padding_top":20,"padding_bottom":20}},"rich_text_tNUP9R":{"type":"rich-text","settings":{"color_scheme":"background-1","full_width":true,"padding_top":0,"padding_bottom":0}},"164821179857b7322b":{"type":"custom-liquid","settings":{"custom_liquid":"<style>\nvideo{\ndisplay:block;\nmargin: 0 auto;\nwidth: 100%\n}\n<\/style>\n<video autoplay loop playinline muted> <source src=\"https:\/\/cdn.shopify.com\/videos\/c\/o\/v\/64d44eec0a57468bafbcde5ebd47c2d3.mp4\"\/> <\/video>","color_scheme":"background-1","padding_top":0,"padding_bottom":4}},"image_banner_tAAhya":{"type":"image-banner","settings":{"image":"shopify:\/\/shop_images\/MADE_IN_INDIA.png","image_overlay_opacity":0,"image_height":"small","adapt_height_first_image":true,"desktop_content_position":"middle-center","show_text_box":true,"desktop_content_alignment":"center","color_scheme":"background-1","mobile_content_alignment":"center","stack_images_on_mobile":true,"show_text_below":true}}},"order":["075d963e-1bb3-41b3-8610-4a16f848385e","33bf0d5c-54fd-4380-83fe-c15c8e27f8bb","image_banner_yLYGWV","4ee500f3-a78a-4b21-867a-a11c0af292b3","7d0746ff-7749-4bf4-8cac-b0084da9602e","rich_text_bjJJEd","featured_collection_jRGAEp","6aca96b2-aca3-40bc-9f0c-bf4ef4a8a779","rich_text_tNUP9R","164821179857b7322b","image_banner_tAAhya"]}