{"sections":{"main":{"type":"main-product","blocks":{"title":{"type":"title","settings":{}},"price":{"type":"price","settings":{}},"custom_liquid_HRUKwH":{"type":"custom_liquid","settings":{"custom_liquid":"<style>\n  .info-line {\n    margin-bottom: 8px;\n    display: flex;\n    align-items: center;\n    font-family: Arial, sans-serif;\n  }\n  .info-icon {\n    width: 18px;\n    height: 18px;\n    margin-right: 8px;\n    filter: drop-shadow(1px 1px 2px rgba(0, 0, 0, 0.4));\n  }\n  .info-text {\n    color: black;\n    font-size: 15px;\n  }\n<\/style>\n\n<span class=\"info-line\">\n  <img src=\"https:\/\/cdn.shopify.com\/s\/files\/1\/0577\/5500\/9163\/files\/qegegeg.png?v=1744181450\" alt=\"Tag Icon\" class=\"info-icon\">\n  <span class=\"info-text\">Fastest Delivery Between 2 to 5 Days*<\/span>\n<\/span>\n\n<span class=\"info-line\">\n  <img src=\"https:\/\/cdn.shopify.com\/s\/files\/1\/0577\/5500\/9163\/files\/qegegeg.png?v=1744181450\" alt=\"Tag Icon\" class=\"info-icon\">\n  <span class=\"info-text\">Hurry ₹500 Extra Off on Checkout Page<\/span>\n<\/span>\n\n<span class=\"info-line\">\n  <img src=\"https:\/\/cdn.shopify.com\/s\/files\/1\/0577\/5500\/9163\/files\/qegegeg.png?v=1744181450\" alt=\"Tag Icon\" class=\"info-icon\">\n  <span class=\"info-text\">100% Trusted by 1 Lakh+ Customers<\/span>\n<\/span>"}},"variant_picker":{"type":"variant_picker","settings":{"picker_type":"button"}},"razorpay_affordability_widget_affordability_block_xfmLrw":{"type":"shopify:\/\/apps\/razorpay-affordability-widget\/blocks\/affordability-block\/5bf9b115-5933-4c1b-ade0-ef564b250852","settings":{}},"quantity_selector":{"type":"quantity_selector","settings":{}},"buy_buttons":{"type":"buy_buttons","settings":{"show_dynamic_checkout":true}},"custom_liquid_9qDpqb":{"type":"custom_liquid","settings":{"custom_liquid":"<img src=\"https:\/\/cdn.shopify.com\/s\/files\/1\/0577\/5500\/9163\/files\/FREE_DELIVERY_4_752c8677-69d0-4bc7-936d-f10cedc9b4f2.png?v=1746883002\" alt=\"Free Delivery\" style=\"width: 100%;\" \/>"}},"custom_liquid_prBMC3":{"type":"custom_liquid","settings":{"custom_liquid":"{% if product.description != blank %}\n  <div class=\"product-description\">\n    <p>{{ product.description }}<\/p>\n  <\/div>\n{% else %}\n  <p>No description available for this product.<\/p>\n{% endif %}\n\n<style>\n  .product-description img {\n    width: 100%;\n    height: auto;\n  }\n<\/style>"}}},"block_order":["title","price","custom_liquid_HRUKwH","variant_picker","razorpay_affordability_widget_affordability_block_xfmLrw","quantity_selector","buy_buttons","custom_liquid_9qDpqb","custom_liquid_prBMC3"],"custom_css":[],"settings":{"enable_sticky_info":true,"gallery_layout":"thumbnail_slider","media_size":"small","mobile_thumbnails":"hide","hide_variants":false,"enable_video_looping":false,"padding_top":0,"padding_bottom":0}},"multicolumn":{"type":"multicolumn","blocks":{"column-0":{"type":"column","settings":{"title":"Available Free & Safe Shipping","text":"<p>Enjoy <strong>FREE SHIPPING<\/strong> on all <strong>Skywall TVs<\/strong>, delivered safely to your doorstep!<\/p><p>- No hidden charges<br\/>- Fast & reliable delivery<br\/>- Hassle-free shopping experience<\/p><p>Order now and experience the <strong>best-in-class service<\/strong> with <strong>zero delivery cost<\/strong><\/p>","link_label":"","link":""}},"column-1":{"type":"column","settings":{"title":"Hassle-Free Service","text":"<p>At <strong>Skywall TV<\/strong>, we believe in delivering not just top-quality entertainment but also a seamless customer experience. Our <strong>hassle-free service<\/strong> ensures:<\/p><p><strong>Quick & Easy Installation<\/strong> – Get your TV up and running in no time.<br\/><strong>Responsive Customer Support<\/strong> – Need assistance? Our team is just a call away.<br\/><strong>Doorstep Service & Repairs<\/strong> – Fast and efficient service at your convenience.<br\/><strong>Warranty & Genuine Parts<\/strong> – Peace of mind with authentic replacements.<\/p>","link_label":"","link":""}}},"block_order":["column-0","column-1"],"settings":{"title":"","heading_size":"h1","image_width":"full","image_ratio":"adapt","columns_desktop":2,"column_alignment":"left","background_style":"none","button_label":"","button_link":"","color_scheme":"background-1","columns_mobile":"1","swipe_on_mobile":false,"padding_top":36,"padding_bottom":36}},"product-recommendations":{"type":"product-recommendations","settings":{"heading":"Similar Products","heading_size":"h2","columns_desktop":4,"color_scheme":"background-1","image_ratio":"square","show_secondary_image":true,"show_vendor":false,"show_rating":false,"columns_mobile":"2","padding_top":0,"padding_bottom":0}}},"order":["main","multicolumn","product-recommendations"]}