{"sections":{"main":{"type":"main-product","blocks":{"title":{"type":"title","settings":{}},"vendor":{"type":"text","settings":{"text":"{{ product.vendor }}","text_style":"uppercase"}},"5c2272d0-085b-4a93-9884-9a2b97428bad":{"type":"text","settings":{"text":"{{ product.metafields.my_fields.offer.value }}","text_style":"body"}},"d47cf7a1-0603-4e35-8bfc-de55aa68ad4e":{"type":"custom_liquid","disabled":true,"settings":{"custom_liquid":"<p>\n<img src=\"https:\/\/cdn-icons-png.flaticon.com\/512\/1670\/1670915.png\" style=\"height:25px;float:left;margin-right:10px;padding-bottom: 4px;\"\/>\nGet it between <strong><span id=\"fromDate\"><\/span> - <span id=\"toDate\"><\/span><\/strong>\n<\/p>\n{{ '\/\/cdnjs.cloudflare.com\/ajax\/libs\/datejs\/1.0\/date.min.js' | script_tag }}\n<script>\nvar fromDate = Date.today().addDays(3);\nif (fromDate.is().saturday() || fromDate.is().sunday()) {\nfromDate = fromDate.next().monday();\n}\nvar toDate = Date.today().addDays(5);\nif (toDate.is().saturday() || toDate.is().sunday()) {\ntoDate = toDate.next().monday();\n}\ndocument.getElementById('fromDate').innerHTML = fromDate.toString('dddd MMMM dS');\ndocument.getElementById('toDate').innerHTML = toDate.toString('dddd MMMM dS');\n<\/script>"}},"price":{"type":"price","settings":{}},"variant_picker":{"type":"variant_picker","disabled":true,"settings":{"picker_type":"button"}},"quantity_selector":{"type":"quantity_selector","disabled":true,"settings":{}},"buy_buttons":{"type":"buy_buttons","settings":{"show_dynamic_checkout":false}},"share":{"type":"share","settings":{"share_label":"Share"}},"2e4662ee-98dd-4ffe-ad3e-f2b32a5cb592":{"type":"shopify:\/\/apps\/sms-alert\/blocks\/sa-loginwithotp\/cd0c18de-0a25-486c-afdc-d7e6d34dfe38","settings":{"display_form":false,"phone_label":"Mobile Number","phone_placeholder":"Phone","button_label":"Login with OTP","redirect_to_register":false,"colour":"#00A4FF"}},"judgeme_preview_badge_product_page_2f87ec55":{"type":"shopify:\/\/apps\/judge-me-product-reviews\/blocks\/preview_badge\/61ccd3b1-a9f2-4160-9fe9-4fec8413e5d8","settings":{}}},"block_order":["title","vendor","5c2272d0-085b-4a93-9884-9a2b97428bad","d47cf7a1-0603-4e35-8bfc-de55aa68ad4e","price","judgeme_preview_badge_product_page_2f87ec55","variant_picker","quantity_selector","buy_buttons","share","2e4662ee-98dd-4ffe-ad3e-f2b32a5cb592"],"settings":{"enable_sticky_info":true,"gallery_layout":"thumbnail_slider","media_size":"small","mobile_thumbnails":"hide","hide_variants":false,"enable_video_looping":false,"padding_top":16,"padding_bottom":20}},"1648184519bb007c7f":{"type":"apps","settings":{"include_margins":true}},"product-recommendations":{"type":"product-recommendations","disabled":true,"settings":{"heading":"You may also like","heading_size":"h2","columns_desktop":4,"color_scheme":"background-1","image_ratio":"square","show_secondary_image":true,"show_vendor":false,"show_rating":false,"columns_mobile":"2","padding_top":36,"padding_bottom":28}},"image-with-text":{"type":"image-with-text","blocks":{"image-with-text-0":{"type":"heading","settings":{"heading":"HD-Ready Display","heading_size":"h2"}},"image-with-text-1":{"type":"text","settings":{"text":"<p>Experience incredible clarity and sharp HD-Ready imaging that ensure your entertainment is visual delight.<\/p>","text_style":"body"}}},"block_order":["image-with-text-0","image-with-text-1"],"settings":{"image":"shopify:\/\/shop_images\/5.jpg","height":"adapt","desktop_image_width":"medium","layout":"text_first","desktop_content_position":"top","desktop_content_alignment":"center","content_layout":"no-overlap","color_scheme":"background-2","mobile_content_alignment":"left","padding_top":44,"padding_bottom":36}},"1648014886e5b898a1":{"type":"image-banner","blocks":{"16480148857ec36199-0":{"type":"heading","settings":{"heading":"","heading_size":"h1"}}},"block_order":["16480148857ec36199-0"],"settings":{"image":"shopify:\/\/shop_images\/2_1.jpg","image_overlay_opacity":0,"image_height":"small","adapt_height_first_image":true,"desktop_content_position":"middle-center","show_text_box":false,"desktop_content_alignment":"center","color_scheme":"background-1","mobile_content_alignment":"center","stack_images_on_mobile":true,"show_text_below":false}},"multicolumn":{"type":"multicolumn","blocks":{"column-0":{"type":"column","settings":{"title":"Available Free & Safe Shipping","text":"<p>Avail Free & Safe shipping in serviceable pin codes, whenever you shop from skywalltv.com. We take pride in delivering most of our orders on priority.<\/p>","link_label":"","link":""}},"column-1":{"type":"column","settings":{"title":"Hassle Free Installation","text":"<p>Once you place order on skywalltv.com your installation request will be generated post-delivery and our expert engineers will guide you through user manual.<\/p>","link_label":"","link":""}}},"block_order":["column-0","column-1"],"settings":{"title":"","heading_size":"h1","image_width":"full","image_ratio":"adapt","columns_desktop":2,"column_alignment":"left","background_style":"none","button_label":"","button_link":"","color_scheme":"background-1","columns_mobile":"1","swipe_on_mobile":false,"padding_top":36,"padding_bottom":36}},"judgeme_section_review_widget_2de7":{"type":"apps","blocks":{"judgeme_review_widget_3c6b1ae7":{"type":"shopify:\/\/apps\/judge-me-product-reviews\/blocks\/review_widget\/61ccd3b1-a9f2-4160-9fe9-4fec8413e5d8","settings":{}}},"block_order":["judgeme_review_widget_3c6b1ae7"],"settings":{"include_margins":true}}},"order":["main","judgeme_section_review_widget_2de7","1648184519bb007c7f","product-recommendations","image-with-text","1648014886e5b898a1","multicolumn"]}