{"current":{"colors_solid_button_labels":"#ffffff","colors_accent_1":"#ff6a05","gradient_accent_1":"radial-gradient(rgba(18, 18, 18, 1) 100%, rgba(163, 151, 151, 1) 100%)","colors_accent_2":"#000000","gradient_accent_2":"","colors_text":"#121212","colors_outline_button_labels":"#121212","colors_background_1":"#ffffff","gradient_background_1":"","colors_background_2":"#ffffff","gradient_background_2":"","type_header_font":"poppins_n4","heading_scale":100,"type_body_font":"poppins_n5","body_scale":100,"page_width":1600,"spacing_sections":0,"spacing_grid_horizontal":4,"spacing_grid_vertical":4,"buttons_border_thickness":1,"buttons_border_opacity":100,"buttons_radius":0,"buttons_shadow_opacity":0,"buttons_shadow_horizontal_offset":0,"buttons_shadow_vertical_offset":4,"buttons_shadow_blur":5,"variant_pills_border_thickness":1,"variant_pills_border_opacity":55,"variant_pills_radius":40,"variant_pills_shadow_opacity":0,"variant_pills_shadow_horizontal_offset":0,"variant_pills_shadow_vertical_offset":4,"variant_pills_shadow_blur":5,"inputs_border_thickness":1,"inputs_border_opacity":55,"inputs_radius":0,"inputs_shadow_opacity":0,"inputs_shadow_horizontal_offset":0,"inputs_shadow_vertical_offset":-12,"inputs_shadow_blur":5,"card_style":"standard","card_image_padding":0,"card_text_alignment":"left","card_color_scheme":"accent-2","card_border_thickness":0,"card_border_opacity":10,"card_corner_radius":0,"card_shadow_opacity":0,"card_shadow_horizontal_offset":0,"card_shadow_vertical_offset":4,"card_shadow_blur":5,"text_boxes_border_thickness":1,"text_boxes_border_opacity":10,"text_boxes_radius":0,"text_boxes_shadow_opacity":100,"text_boxes_shadow_horizontal_offset":0,"text_boxes_shadow_vertical_offset":4,"text_boxes_shadow_blur":5,"media_border_thickness":1,"media_border_opacity":5,"media_radius":0,"media_shadow_opacity":0,"media_shadow_horizontal_offset":0,"media_shadow_vertical_offset":-40,"media_shadow_blur":5,"popup_border_thickness":1,"popup_border_opacity":10,"popup_corner_radius":0,"popup_shadow_opacity":0,"popup_shadow_horizontal_offset":0,"popup_shadow_vertical_offset":4,"popup_shadow_blur":5,"drawer_border_thickness":1,"drawer_border_opacity":10,"drawer_shadow_opacity":0,"drawer_shadow_horizontal_offset":0,"drawer_shadow_vertical_offset":4,"drawer_shadow_blur":5,"badge_position":"top left","badge_corner_radius":40,"sale_badge_color_scheme":"accent-2","sold_out_badge_color_scheme":"background-1","accent_icons":"outline-button","social_twitter_link":"https:\/\/twitter.com\/Skywall_tv","social_facebook_link":"https:\/\/www.facebook.com\/skywalltv.in","social_pinterest_link":"","social_instagram_link":"https:\/\/www.instagram.com\/skywalltvofficial\/","social_tiktok_link":"","social_tumblr_link":"","social_snapchat_link":"","social_youtube_link":"https:\/\/www.youtube.com\/channel\/UCReXAfLyxI_JRjL-RQhUJNw","social_vimeo_link":"","predictive_search_enabled":true,"predictive_search_show_vendor":false,"predictive_search_show_price":true,"favicon":"shopify:\/\/shop_images\/skyeee.png","currency_code_enabled":true,"checkout_logo_image":"shopify:\/\/shop_images\/TV_LOGO.png","checkout_logo_position":"center","checkout_logo_size":"medium","checkout_body_background_image":"shopify:\/\/shop_images\/pexels-gradienta-7130557.jpg","checkout_input_background_color_mode":"white","sections":{"announcement-bar":{"type":"announcement-bar","blocks":{"announcement_XFUVrL":{"type":"announcement","settings":{"text":"Shipping of orders may be delayed due to the Kanwar Yatra!","color_scheme":"accent-1","link":""}},"announcement_MpbXfd":{"type":"announcement","disabled":true,"settings":{"text":"Buy Any TV & Get Extra 500 Off on Checkout!","color_scheme":"accent-1","link":""}}},"block_order":["announcement_XFUVrL","announcement_MpbXfd"],"custom_css":[],"settings":{}},"header":{"type":"header","settings":{"color_scheme":"background-1","logo":"shopify:\/\/shop_images\/TV_LOGO.png","logo_width":130,"logo_position":"middle-left","menu":"main-menu","show_line_separator":false,"enable_sticky_header":false,"margin_bottom":0}},"footer":{"type":"footer","blocks":{"5a1cd08d-8297-47b2-992e-a1512cf17b87":{"type":"link_list","settings":{"heading":"Quick links","menu":"footer"}}},"block_order":["5a1cd08d-8297-47b2-992e-a1512cf17b87"],"settings":{"color_scheme":"accent-2","newsletter_enable":true,"newsletter_heading":"Subscribe to Get Exclusive offers","show_social":true,"enable_country_selector":false,"enable_language_selector":true,"payment_enable":true,"margin_top":4,"padding_top":16,"padding_bottom":12}},"main-password-header":{"type":"main-password-header","settings":{"logo_max_width":100,"color_scheme":"background-1"}},"main-password-footer":{"type":"main-password-footer","settings":{"color_scheme":"background-1"}},"footer-Shop":{"type":"footer-Shop","blocks":{"feature_FGkTJD":{"type":"feature","settings":{"image":"shopify:\/\/shop_images\/home-1-svgrepo-com.svg","heading":"Home","button_link":"https:\/\/www.skywalltv.com\/"}},"feature_6rr94k":{"type":"feature","settings":{"image":"shopify:\/\/shop_images\/search-svgrepo-com.svg","heading":"Search","button_link":"https:\/\/www.skywalltv.com\/search"}},"feature_YHY4hP":{"type":"feature","settings":{"image":"shopify:\/\/shop_images\/align-left-svgrepo-com.svg","heading":"Shop","button_link":"shopify:\/\/collections"}},"feature_HhJMeT":{"type":"feature","settings":{"image":"shopify:\/\/shop_images\/cart-shopping-svgrepo-com.svg","heading":"Cart","button_link":"https:\/\/www.skywalltv.com\/cart"}},"feature_TVAHgd":{"type":"feature","settings":{"image":"shopify:\/\/shop_images\/account-svgrepo-com.svg","heading":"Login","button_link":"https:\/\/www.skywalltv.com\/account\/login"}}},"block_order":["feature_FGkTJD","feature_6rr94k","feature_YHY4hP","feature_HhJMeT","feature_TVAHgd"],"settings":{}}},"content_for_index":[],"blocks":{"2398104956088983655":{"type":"shopify:\/\/apps\/bnb-app-amazon-buy-now-button\/blocks\/bnb-embbed\/f900151e-f272-47b7-9f07-6ef0c33815e4","disabled":false,"settings":{}}}},"presets":{"Default":{"colors_solid_button_labels":"#ffffff","colors_accent_1":"#121212","gradient_accent_1":"","colors_accent_2":"#334fb4","gradient_accent_2":"","colors_text":"#121212","colors_outline_button_labels":"#121212","colors_background_1":"#ffffff","gradient_background_1":"","colors_background_2":"#f3f3f3","gradient_background_2":"","type_header_font":"assistant_n4","heading_scale":100,"type_body_font":"assistant_n4","body_scale":100,"page_width":1200,"spacing_sections":0,"spacing_grid_horizontal":8,"spacing_grid_vertical":8,"buttons_border_thickness":1,"buttons_border_opacity":100,"buttons_radius":0,"buttons_shadow_opacity":0,"buttons_shadow_horizontal_offset":0,"buttons_shadow_vertical_offset":4,"buttons_shadow_blur":5,"variant_pills_border_thickness":1,"variant_pills_border_opacity":55,"variant_pills_radius":40,"variant_pills_shadow_opacity":0,"variant_pills_shadow_horizontal_offset":0,"variant_pills_shadow_vertical_offset":4,"variant_pills_shadow_blur":5,"inputs_border_thickness":1,"inputs_border_opacity":55,"inputs_radius":0,"inputs_shadow_opacity":0,"inputs_shadow_horizontal_offset":0,"inputs_shadow_vertical_offset":4,"inputs_shadow_blur":5,"card_style":"standard","card_image_padding":0,"card_text_alignment":"left","card_color_scheme":"background-2","card_border_thickness":0,"card_border_opacity":10,"card_corner_radius":0,"card_shadow_opacity":0,"card_shadow_horizontal_offset":0,"card_shadow_vertical_offset":4,"card_shadow_blur":5,"text_boxes_border_thickness":0,"text_boxes_border_opacity":10,"text_boxes_radius":0,"text_boxes_shadow_opacity":0,"text_boxes_shadow_horizontal_offset":0,"text_boxes_shadow_vertical_offset":4,"text_boxes_shadow_blur":5,"media_border_thickness":1,"media_border_opacity":5,"media_radius":0,"media_shadow_opacity":0,"media_shadow_horizontal_offset":0,"media_shadow_vertical_offset":4,"media_shadow_blur":5,"popup_border_thickness":1,"popup_border_opacity":10,"popup_corner_radius":0,"popup_shadow_opacity":0,"popup_shadow_horizontal_offset":0,"popup_shadow_vertical_offset":4,"popup_shadow_blur":5,"drawer_border_thickness":1,"drawer_border_opacity":10,"drawer_shadow_opacity":0,"drawer_shadow_horizontal_offset":0,"drawer_shadow_vertical_offset":4,"drawer_shadow_blur":5,"badge_position":"bottom left","badge_corner_radius":40,"sale_badge_color_scheme":"accent-2","sold_out_badge_color_scheme":"inverse","accent_icons":"text","social_twitter_link":"","social_facebook_link":"","social_pinterest_link":"","social_instagram_link":"","social_tiktok_link":"","social_tumblr_link":"","social_snapchat_link":"","social_youtube_link":"","social_vimeo_link":"","predictive_search_enabled":true,"predictive_search_show_vendor":false,"predictive_search_show_price":false,"currency_code_enabled":true,"sections":{"announcement-bar":{"type":"announcement-bar","blocks":{"announcement-bar-0":{"type":"announcement","settings":{"text":"Welcome to our store","color_scheme":"background-1","link":""}}},"block_order":["announcement-bar-0"],"settings":{}},"header":{"type":"header","settings":{"color_scheme":"background-1","logo_width":90,"logo_position":"middle-left","menu":"main-menu","show_line_separator":true,"enable_sticky_header":true,"margin_bottom":0}},"footer":{"type":"footer","blocks":{"footer-0":{"type":"link_list","settings":{"heading":"Quick links","menu":"footer"}},"footer-1":{"type":"link_list","settings":{"heading":"Info","menu":"footer"}},"footer-2":{"type":"text","settings":{"heading":"Our mission","subtext":"<p>Share contact information, store details, and brand content with your customers.<\/p>"}}},"block_order":["footer-0","footer-1","footer-2"],"settings":{"color_scheme":"background-1","newsletter_enable":true,"newsletter_heading":"Subscribe to our emails","show_social":true,"enable_country_selector":false,"enable_language_selector":false,"payment_enable":true,"margin_top":48,"padding_top":36,"padding_bottom":36}},"main-password-header":{"type":"main-password-header","settings":{"logo_max_width":100,"color_scheme":"background-1"}},"main-password-footer":{"type":"main-password-footer","settings":{"color_scheme":"background-1"}}}}},"platform_customizations":{"custom_css":[]}}